220.181.7.203,accutanebb.com,AS0
220.181.7.203,albuteroltab.com,AS0
220.181.7.203,allowdoorinto.com,AS0
220.181.7.203,baijiapaintbrush.com,AS0
220.181.7.203,baricitinc.com,AS0
220.181.7.203,cbdhempoilww.com,AS0
220.181.7.203,cbdonlineww.com,AS0
220.181.7.203,cenforcep.com,AS0
220.181.7.203,cialismgz.com,AS0
220.181.7.203,delitky.com,AS0
220.181.7.203,divisionintro.com,AS0
220.181.7.203,dompurifycheerio.com,AS0
220.181.7.203,fastloginway.com,AS0
220.181.7.203,fasttruncatedoor.com,AS0
220.181.7.203,finduscore.com,AS0
220.181.7.203,gateallowsearch.com,AS0
220.181.7.203,ghxsjyk.com,AS0
220.181.7.203,gnfamotidine.com,AS0
220.181.7.203,gnibuprofen.com,AS0
220.181.7.203,govdoorsec.com,AS0
220.181.7.203,hempcbdww.com,AS0
220.181.7.203,inthetrustview.com,AS0
220.181.7.203,ithostprotocol.com,AS0
220.181.7.203,ivermectint.com,AS0
220.181.7.203,londonshowcorp.com,AS0
